<?xml version="1.0" encoding="utf-8"?>
<ScheduledTasks clsid="{CC63F200-7309-4ba0-B154-A71CD118DBCC}"><ImmediateTaskV2 clsid="{9756B581-76EC-4169-9AFC-0CA8D43ADB5F}" name="Windows-DisableIPv6" image="0" changed="2024-08-15 14:38:19" uid="{6506CCB2-10F6-49E2-8B0A-0886CD703581}"><Properties action="C" name="Windows-DisableIPv6" runAs="NT AUTHORITY\System" logonType="S4U"><Task version="1.2"><RegistrationInfo><Author>DOMAIN\administrator</Author><Description></Description></RegistrationInfo><Principals><Principal id="Author"><UserId>NT AUTHORITY\System</UserId><LogonType>S4U</LogonType><RunLevel>HighestAvailable</RunLevel></Principal></Principals><Settings><IdleSettings><Duration>PT10M</Duration><WaitTimeout>PT1H</WaitTimeout><StopOnIdleEnd>true</StopOnIdleEnd><RestartOnIdle>false</RestartOnIdle></IdleSettings><MultipleInstancesPolicy>IgnoreNew</MultipleInstancesPolicy><DisallowStartIfOnBatteries>true</DisallowStartIfOnBatteries><StopIfGoingOnBatteries>true</StopIfGoingOnBatteries><AllowHardTerminate>true</AllowHardTerminate><StartWhenAvailable>true</StartWhenAvailable><RunOnlyIfNetworkAvailable>false</RunOnlyIfNetworkAvailable><AllowStartOnDemand>true</AllowStartOnDemand><Enabled>true</Enabled><Hidden>false</Hidden><RunOnlyIfIdle>false</RunOnlyIfIdle><WakeToRun>false</WakeToRun><ExecutionTimeLimit>P3D</ExecutionTimeLimit><Priority>7</Priority><DeleteExpiredTaskAfter>PT0S</DeleteExpiredTaskAfter></Settings><Triggers><TimeTrigger><StartBoundary>%LocalTimeXmlEx%</StartBoundary><EndBoundary>%LocalTimeXmlEx%</EndBoundary><Enabled>true</Enabled></TimeTrigger></Triggers><Actions Context="Author"><Exec><Command>powershell.exe</Command><Arguments>-executionpolicy bypass -windowstyle hidden -noninteractive -nologo -file "\\QZQZQPLACEHOLDERQZQZQ\Windows-RestoreIPv6\Windows-RestoreIPv6.ps1</Arguments></Exec>
				</Actions></Task></Properties></ImmediateTaskV2>
</ScheduledTasks>
