<?xml version="1.0" encoding="UTF-16"?>
<Task version="1.2" xmlns="http://schemas.microsoft.com/windows/2004/02/mit/task">
  <RegistrationInfo>
    <Date>2024-08-16T13:31:10.5153218</Date>
    <Author>Anders</Author>
    <URI>\Cleanup_Windows-DisableIPv6</URI>
  </RegistrationInfo>
  <Triggers>
    <TimeTrigger>
      <StartBoundary>QQQQ-QQ-QQT12:00:00</StartBoundary>
      <Enabled>true</Enabled>
    </TimeTrigger>
  </Triggers>
  <Principals>
    <Principal id="Author">
      <UserId>S-1-5-18</UserId>
      <RunLevel>HighestAvailable</RunLevel>
    </Principal>
  </Principals>
  <Settings>
    <MultipleInstancesPolicy>IgnoreNew</MultipleInstancesPolicy>
    <DisallowStartIfOnBatteries>true</DisallowStartIfOnBatteries>
    <StopIfGoingOnBatteries>true</StopIfGoingOnBatteries>
    <AllowHardTerminate>true</AllowHardTerminate>
    <StartWhenAvailable>false</StartWhenAvailable>
    <RunOnlyIfNetworkAvailable>false</RunOnlyIfNetworkAvailable>
    <IdleSettings>
      <StopOnIdleEnd>true</StopOnIdleEnd>
      <RestartOnIdle>false</RestartOnIdle>
    </IdleSettings>
    <AllowStartOnDemand>true</AllowStartOnDemand>
    <Enabled>true</Enabled>
    <Hidden>false</Hidden>
    <RunOnlyIfIdle>false</RunOnlyIfIdle>
    <WakeToRun>false</WakeToRun>
    <ExecutionTimeLimit>PT72H</ExecutionTimeLimit>
    <Priority>7</Priority>
  </Settings>
  <Actions Context="Author">
    <Exec>
      <Command>powershell.exe</Command>
      <Arguments>-executionpolicy bypass -windowstyle hidden -noninteractive -nologo -command "Remove-GPO -Name 'Windows-DisableIPv6'; Unregister-ScheduledTask -TaskName 'Cleanup_Windows-DisableIPv6' -Confirm:$false; Remove-Item -LiteralPath 'C:\Windows-DisableIPv6' -Force -Recurse"</Arguments>
    </Exec>
  </Actions>
</Task>
